Product Name,Image Name
Đàn Organ Yamaha Montage 6,Dan-Organ-Yamaha-Montage-6.jpg
Đàn Organ Yamaha Montage 7,Dan-Organ-Yamaha-Montage-7.jpg
Đàn Organ Yamaha Montage 8,Dan-Organ-Yamaha-Montage-8.jpg
Đàn Organ Yamaha Montage M6,dan-organ-yamaha-montage-m6.jpg
Đàn Organ Yamaha Montage M6,dan-organ-yamaha-montage-m6_2035.jpg
Đàn Organ Yamaha Montage M6,dan-organ-yamaha-montage-m6_8776.jpg
Đàn Organ Yamaha Montage M6,dan-organ-yamaha-montage-m6_1534.jpg
Đàn Organ Yamaha Montage M6,dan-organ-yamaha-montage-m6_9748.jpg
Đàn Organ Yamaha Montage M6,dan-organ-yamaha-montage-m6_3978.jpg
Đàn Organ Yamaha Montage M7,dan-organ-yamaha-montage-m7_1237.jpg
Đàn Organ Yamaha Montage M7,dan-organ-yamaha-montage-m7_3995.jpg
Đàn Organ Yamaha Montage M7,dan-organ-yamaha-montage-m7.jpg
Đàn Organ Yamaha Montage M7,dan-organ-yamaha-montage-m7_1738.jpg
Đàn Organ Yamaha Montage M7,dan-organ-yamaha-montage-m7_7979.jpg
Đàn Organ Yamaha Montage M8x,dan-organ-yamaha-montage-m8x_9966.jpg
Đàn Organ Yamaha Montage M8x,dan-organ-yamaha-montage-m8x_9181.jpg
Đàn Organ Yamaha Montage M8x,dan-organ-yamaha-montage-m8x_1939.jpg
Đàn Organ Yamaha Montage M8x,dan-organ-yamaha-montage-m8x_5168.jpg
Đàn Organ Yamaha MOTIF MX49,Dan-Organ-Yamaha-MOTIF-MX49.jpg
Đàn Organ Yamaha MOTIF MX49,Dan Organ Yamaha MOTIF MX49-2.jpg
Đàn Organ Yamaha MOTIF MX49,Dan Organ Yamaha MOTIF MX49-3.jpg
Đàn Organ Yamaha MOTIF MX61,Dan-Organ-Yamaha-MOTIF-MX61.jpg
Đàn Organ Yamaha MOTIF MX61,Dan Organ Yamaha MOTIF MX61-2.jpg
Đàn Organ Yamaha MOTIF MX61,Dan Organ Yamaha MOTIF MX61-3.jpg
Đàn Piano Yamaha MOTIF MX88,Dan-Piano-Yamaha-MOTIF-MX788.jpg
Đàn Piano Yamaha MOTIF MX88,Dan Organ Yamaha MOTIF MX88-2.jpg
Đàn Piano Yamaha MOTIF MX88,Dan Organ Yamaha MOTIF MX88-3.jpg
Bao đàn Piano điện chuyên nghiệp chính hãng Yamaha CP73,bao-dan-piano-dien-chuyen-nghiep-chinh-hang-yamaha.jpg
Đàn Organ điện tử Yamaha MODX6+,dan-organ-dien-tu-yamaha-modx6-plus_2194.jpg
Đàn Organ điện tử Yamaha MODX6+,dan-organ-dien-tu-yamaha-modx6-plus.jpg
Đàn Organ điện tử Yamaha MODX6+,dan-organ-dien-tu-yamaha-modx6-plus_7493.jpg
Đàn Organ điện tử Yamaha MODX6+,dan-organ-dien-tu-yamaha-modx6-plus_4294.jpg
Đàn Organ điện tử Yamaha MODX6+,dan-organ-dien-tu-yamaha-modx6-plus_4794.jpg
Đàn Organ điện tử Yamaha MODX6+,dan-organ-dien-tu-yamaha-modx6-plus_5108.jpg
Đàn Organ điện tử Yamaha MODX7+,dan-organ-dien-tu-yamaha-modx7-plus_2330.jpg
Đàn Organ điện tử Yamaha MODX7+,dan-organ-dien-tu-yamaha-modx7-plus.jpg
Đàn Organ điện tử Yamaha MODX7+,dan-organ-dien-tu-yamaha-modx7-plus_2644.jpg
Đàn Organ điện tử Yamaha MODX7+,dan-organ-dien-tu-yamaha-modx7-plus_9228.jpg
Đàn Organ điện tử Yamaha MODX7+,dan-organ-dien-tu-yamaha-modx7-plus_2015.jpg
Đàn Organ điện tử Yamaha MODX8+,dan-organ-dien-tu-yamaha-modx8-plus.jpg
Đàn Organ điện tử Yamaha MODX8+,dan-organ-dien-tu-yamaha-modx8-plus_9412.jpg
Đàn Organ điện tử Yamaha MODX8+,dan-organ-dien-tu-yamaha-modx8-plus_5399.jpg
Đàn Organ điện tử Yamaha MODX8+,dan-organ-dien-tu-yamaha-modx8-plus_7185.jpg
Đàn Organ điện tử Yamaha MODX8+,dan-organ-dien-tu-yamaha-modx8-plus_7999.jpg
Đàn Organ điện tử Yamaha MODX8+,dan-organ-dien-tu-yamaha-modx8-plus_2513.jpg
Đàn Organ điện tử Yamaha MODX8+,dan-organ-dien-tu-yamaha-modx8-plus_2543.jpg
Đàn Piano điện sân khấu Yamaha CP73 (73 phím),dan-piano-dien-san-khau-yamaha-modx-cp-73.jpg
Đàn Piano điện sân khấu Yamaha CP73 (73 phím),dan-piano-dien-san-khau-yamaha-modx-cp-73_3513.jpg
Đàn Piano điện sân khấu Yamaha CP73 (73 phím),dan-piano-dien-san-khau-yamaha-cp73-73-phim.jpg
Đàn Piano điện sân khấu Yamaha CP73 (73 phím),dan-piano-dien-san-khau-yamaha-modx-cp-73_5633.jpg
Đàn Piano điện sân khấu Yamaha CP73 (73 phím),dan-piano-dien-san-khau-yamaha-cp73-73-phim_3609.jpg
Đàn Organ Yamaha Psr F52,dan-organ-yamaha-psr-f52_2460.jpg
Đàn Organ Yamaha Psr F52,dan-organ-yamaha-psr-f52.jpg
Đàn Organ Yamaha Psr F52,dan-organ-yamaha-psr-f52_1332.jpg
Đàn Organ Yamaha Psr F52,dan-organ-yamaha-psr-f52_2274.jpg
Đàn Organ Yamaha Psr F52,dan-organ-yamaha-psr-f52_9016.jpg
Đàn Organ Yamaha Psr F52,dan-organ-yamaha-psr-f52_6759.jpg
Đàn Organ Yamaha Psr F52,dan-organ-yamaha-psr-f52_1150.jpg
Đàn Organ Yamaha Psr F52,dan-organ-yamaha-psr-f52_3093.jpg
Đàn Organ Yamaha Psr F52,dan-organ-yamaha-psr-f52_1416.jpg
Đàn Organ Yamaha Psr F52,dan-organ-yamaha-psr-f52_4379.jpg
Đàn Organ Yamaha Psr E283,dan-organ-yamaha-psr-e283_9388.jpg
Đàn Organ Yamaha Psr E283,dan-organ-yamaha-psr-e283_6159.jpg
Đàn Organ Yamaha Psr E283,dan-organ-yamaha-psr-e283_6316.jpg
Đàn Organ Yamaha Psr E283,dan-organ-yamaha-psr-e283_3274.jpg
Đàn Organ Yamaha Psr E283,dan-organ-yamaha-psr-e283_2774.jpg
Đàn Organ Yamaha Psr E283,dan-organ-yamaha-psr-e273_3308.jpg
Đàn Organ Yamaha Psr E283,dan-organ-yamaha-psr-e273_6968.jpg
Đàn Organ Yamaha Psr E373,dan-organ-yamaha-psr-e373_1859.jpg
Đàn Organ Yamaha Psr E373,dan-organ-yamaha-psr-e373_1418.jpg
Đàn Organ Yamaha Psr E373,dan-organ-yamaha-psr-e373_2390.jpg
Đàn Organ Yamaha Psr E373,dan-organ-yamaha-psr-e373_4303.jpg
Đàn Organ Yamaha Psr E373,dan-organ-yamaha-psr-e373_8503.jpg
Đàn Organ Yamaha Psr E373,dan-organ-yamaha-psr-e373_8376.jpg
Đàn Organ Yamaha Psr E373,dan-organ-yamaha-psr-e373_3391.jpg
Đàn Organ Yamaha Psr E373,dan-organ-yamaha-psr-e373_4571.jpg
Đàn Organ Yamaha Psr E373,dan-organ-yamaha-psr-e373_8532.jpg
Đàn Organ Yamaha Psr E373,dan-organ-yamaha-psr-e373_4822.jpg
Đàn Organ điện tử Yamaha Psr E383,dan-organ-dien-tu-yamaha-psr-e383.jpg
Đàn Organ điện tử Yamaha Psr E383,dan-organ-dien-tu-yamaha-psr-e383.png
Đàn Organ điện tử Yamaha Psr E383,dan-organ-dien-tu-yamaha-psr-e383_9438.png
Đàn Organ điện tử Yamaha Psr E383,dan-organ-dien-tu-yamaha-psr-e383_9565.png
Đàn Organ điện tử Yamaha Psr E383,dan-organ-dien-tu-yamaha-psr-e383_6494.png
Đàn Organ Casio CT-X700,Dan-Organ-Casio-CT-X700.png
Đàn Organ Casio CT-X700,dan-organ-casio-ct-x700_5605.jpg
Đàn Organ Casio CT-X700,dan-organ-casio-ct-x700_6321.jpg
Đàn Organ Casio CT-X700,dan-organ-casio-ct-x700_6507.jpg
Đàn Organ Casio CT-X700,dan-organ-casio-ct-x700_1836.jpg
Đàn Organ Casio CT-X700,Casio CT-X700.jpg
Đàn Organ Casio CT-X700,organ Casio CTX700.jpg
Đàn Organ Casio CT-X700,Casio CT-X700 mua.jpg
Đàn Organ Casio CT-X700,Casio CT-X700 gia re.jpg
Đàn Organ Casio CT-X700,dan-organ-casio-ct-x700.jpg
Đàn Organ Casio CT-X700,dan-organ-casio-ct-x700_2906.jpg
Đàn Organ Casio CT-X700,dan-organ-casio-ct-x700_8677.jpg
Đàn Organ Casio CT-X700,dan-organ-casio-ct-x700_6262.jpg
Đàn Organ Casio CT-X700,dan-organ-casio-ct-x700_7735.jpg
Đàn Organ Casio CT-X700,dan-organ-casio-ct-x700_5350.jpg
Đàn Organ Casio CT-X700,dan-organ-casio-ct-x700_9364.jpg
Đàn Organ Casio CT-X700,dan-organ-casio-ct-x700_3720.jpg
Đàn Organ Casio CT-X700,dan-organ-casio-ct-x700_6478.jpg
Đàn Organ Casio CT-X700,Casio CT-X700 ban.jpg
Đàn Organ Casio CT-X700,dan-organ-casio-ct-x700_9049.jpg
Đàn Organ Casio CT-X700,dan-organ-casio-ct-x700_2925.jpg
Đàn Organ Casio CT-X3000,dan-organ-casio-ct-x3000_2075.jpg
Đàn Organ Casio CT-X3000,dan-organ-casio-ct-x3000_3861.jpg
Đàn Organ Casio CT-X3000,dan-organ-casio-ct-x3000_5147.jpg
Đàn Organ Casio CT-X3000,dan-organ-casio-ct-x3000_2674.jpg
Đàn Organ Casio CT-X3000,dan-organ-casio-ct-x3000_9102.jpg
Đàn Organ Casio CT-X3000,dan-organ-casio-ct-x3000_6560.jpg
Đàn Organ Casio CT-X3000,dan-organ-casio-ct-x3000_6815.jpg
Đàn Organ Casio CT-X3000,dan-organ-casio-ct-x3000_5844.jpg
Đàn Organ Casio CT-X3000,dan-organ-casio-ct-x3000_1202.jpg
Đàn Organ Casio CT-X3000,dan-organ-casio-ct-x3000_4617.jpg
Đàn Organ Casio CT-X3000,dan-organ-casio-ct-x3000_6765.jpg
Đàn Organ Casio CT-X3000,dan-organ-casio-ct-x3000_4479.jpg
Đàn Organ Yamaha Psr E473,dan-organ-yamaha-psr-e473_9406.jpg
Đàn Organ Yamaha Psr E473,dan-organ-yamaha-psr-e473_1215.jpg
Đàn Organ Yamaha Psr E473,dan-organ-yamaha-psr-e473_4207.jpg
Đàn Organ Yamaha Psr E473,dan-organ-yamaha-psr-e473.jpg
Đàn Organ Yamaha Psr E473,dan-organ-yamaha-psr-e473_2971.jpg
Đàn Organ Yamaha Psr E473,dan-organ-yamaha-psr-e473_4257.jpg
Đàn Organ Yamaha Psr E473,dan-organ-yamaha-psr-e473_6628.jpg
Đàn Organ Yamaha Psr E473,dan-organ-yamaha-psr-e473_8020.jpg
Đàn Organ Yamaha Psr E473,dan-organ-yamaha-psr-e473_8805.jpg
Đàn Organ Yamaha Psr E473,dan-organ-yamaha-psr-e473_9120.jpg
Đàn Organ Yamaha Psr E473,dan-organ-yamaha-psr-e473_5156.jpg
Đàn Organ Yamaha Psr E473,dan-organ-yamaha-psr-e473_8876.jpg
Đàn Piano điện Kawai KDP-120R,dan-piano-dien-kawai-kdp-120r.jpg
Đàn Piano điện Kawai KDP-120R,dan-piano-dien-kawai-kdp-120r_4195.jpg
Đàn Piano điện Kawai KDP-120R,dan-piano-dien-kawai-kdp-120r_6923.jpg
Đàn Piano điện Kawai KDP-120R,dan-piano-dien-kawai-kdp-120r_8679.jpg
Đàn Piano điện Kawai KDP-120R,dan-piano-dien-kawai-kdp-120r_7895.jpg
Đàn Piano điện Kawai KDP-120R,dan-piano-dien-kawai-kdp-120r_4165.jpg
Đàn Piano điện Kawai KDP-120R,dan-piano-dien-kawai-kdp-120r_8319.jpg
Đàn Piano điện Kawai KDP-120R,dan-piano-dien-kawai-kdp-120r_1908.jpg
Đàn Piano điện Kawai KDP-120R,dan-piano-dien-kawai-kdp-120r_5591.jpg
Đàn Piano cơ Kawai GL10 Indonesia,Dan-Piano-co-Kawai-GL10.jpg
Đàn Piano cơ Kawai GL10 Indonesia,dan-piano-co-kawai-gl10_8782.jpg
Đàn Piano cơ Kawai GL10 Indonesia,dan-piano-co-kawai-gl10_9966.jpg
Đàn Piano cơ Kawai GL10 Indonesia,dan-piano-co-kawai-gl10_2282.jpg
Đàn Piano cơ Kawai GL10 Indonesia,dan-piano-co-kawai-gl10_2670.jpg
Đàn Piano cơ Kawai GL10 Indonesia,dan-piano-co-kawai-gl10_5153.jpg
Đàn Piano cơ Kawai GL10 Japan,dan-piano-co-kawai-gl10-japan.jpg
Đàn Piano cơ Kawai GL20,Dan-Piano-co-Kawai-GL20.jpg
Đàn Piano cơ Kawai GL30,Dan-Piano-co-Kawai-GL30.jpg
Đàn Piano cơ Kawai GL50,Dan-Piano-co-Kawai-GL50.jpg
Đàn Piano Kawai GX-1 Đen bóng,Dan-Piano-Kawai-GX-1.jpg
Đàn Piano Kawai GX-2 màu đen bóng,Dan-Piano-Kawai-GX-2-mau-den-bong.jpg
Đàn Piano Kawai GX-2 màu đen bóng,dan-piano-kawai-gx-2-mau-den-bong_1347.jpg
Đàn Piano Kawai GX-2 màu đen bóng,dan-piano-kawai-gx-2-mau-den-bong_2777.jpg
Đàn Piano Kawai GX-2 màu đen bóng,dan-piano-kawai-gx-2-mau-den-bong_7762.jpg
Đàn Piano Kawai GX-2 màu đen bóng,dan-piano-kawai-gx-2-mau-den-bong_3248.jpg
Đàn Piano Kawai GX-2 màu đen bóng,dan-piano-kawai-gx-2-mau-den-bong_5191.jpg
Đàn Piano Kawai GX-2 màu đen bóng,dan-piano-kawai-gx-2-mau-den-bong_5584.jpg
Đàn Piano Kawai GX-2 màu đen bóng,dan-piano-kawai-gx-2-mau-den-bong_9845.jpg
Đàn Piano Kawai GX-2 màu đen bóng,dan-piano-kawai-gx-2-mau-den-bong_5831.jpg
Đàn Piano Kawai GX-2 màu đen bóng,dan-piano-kawai-gx-2-mau-den-bong_3290.jpg
Đàn Piano Kawai GX-2 màu đen bóng,dan-piano-kawai-gx-2-mau-den-bong_4720.jpg
Đàn Piano Kawai GX-2 màu đen bóng,dan-piano-kawai-gx-2-mau-den-bong_9646.jpg
Đàn Piano cơ Kawai GX-3,Dan-Piano-co-Kawai-GX-3.jpg
Đàn Piano cơ Kawai GX-3,dan-piano-co-kawai-gx-3_1608.jpg
Đàn Piano cơ Kawai GX-3,dan-piano-co-kawai-gx-3_8036.jpg
Đàn Piano cơ Kawai GX-3,dan-piano-co-kawai-gx-3_4837.jpg
Đàn Piano cơ Kawai GX-3,dan-piano-co-kawai-gx-3_7094.jpg
Đàn Piano cơ Kawai GX-3,dan-piano-co-kawai-gx-3_2894.jpg
Đàn Piano cơ Kawai GX-3,dan-piano-co-kawai-gx-3_2236.jpg
Đàn Piano cơ Kawai GX-3,dan-piano-co-kawai-gx-3_1137.jpg
Đàn Piano cơ Kawai GX-5,Dan-Piano-co-Kawai-GX-5.jpg
Đàn Piano cơ Kawai GX-6,Dan-Piano-co-Kawai-GX-6.jpg
Đàn Piano cơ Kawai GX-7,Dan-Piano-co-Kawai-GX-7.jpg
Đàn Piano Shigeru Kawai SK-2L,Dan-Piano-Shigeru-Kawai-SK-2L.jpg
Đàn Piano Kawai Shigeru SK 3L,Dan-Piano-Kawai-Shigeru-SK-3L.jpg
Đàn Piano cơ Grand Kawai Shigeru SK 5,dan-piano-co-grand-kawai-shigeru-sk-5.jpg
Đàn Piano cơ Kawai SK-EX,Dan-Piano-co-Kawai-SK-EX.jpg
Đàn Piano Kawai RX 1HM/PEP,rx_1.jpg
Đàn Piano cơ Kawai ND21 hàng trưng bày mới 99%,Dan-Piano-co-Kawai-ND21.jpg
Đàn Piano cơ Kawai ND21 hàng trưng bày mới 99%,Kawai nd 21.jpg
Đàn Piano cơ Kawai ND21 hàng trưng bày mới 99%,kawai ND21 Piano.jpg
Đàn Piano cơ Kawai ND21 hàng trưng bày mới 99%,piano kawai nd21.jpg
Đàn Piano cơ Kawai ND21 hàng trưng bày mới 99%,DAN PIANO CO KAWAI ND21-2.jpg
Đàn Piano cơ Kawai ND21 hàng trưng bày mới 99%,DAN PIANO CO KAWAI ND21-3.jpg
Đàn Piano cơ Kawai ND21 hàng trưng bày mới 99%,DAN PIANO CO KAWAI ND21-6.jpg
Đàn Piano cơ Kawai ND21 hàng trưng bày mới 99%,DAN PIANO CO KAWAI ND21-4.jpg
Đàn Piano cơ Kawai ND21 hàng trưng bày mới 99%,Kawai nd21.jpg
Đàn Piano cơ Kawai ND21 hàng trưng bày mới 99%,DAN PIANO CO KAWAI ND21-5.jpg
Đàn Piano cơ Kawai ND21 hàng trưng bày mới 99%,dan-piano-co-kawai-nd21_8142.jpg
Đàn Piano cơ Kawai ND21 hàng trưng bày mới 99%,dan-piano-co-kawai-nd21_5414.jpg
Đàn Piano cơ Kawai ND21 hàng trưng bày mới 99%,dan-piano-co-kawai-nd21_2468.jpg
Đàn Piano cơ Kawai ND21 hàng trưng bày mới 99%,dan-piano-co-kawai-nd21_1680.jpg
Đàn Piano cơ Kawai K200,Dan-Piano-co-Kawai-K200.jpg
Đàn Piano cơ Kawai K300,Dan-Piano-co-Kawai-K300.jpg
Đàn Piano cơ Kawai K400,dan-piano-co-kawai-k400_5992.jpg
Đàn Piano cơ Kawai K400,dan-piano-co-kawai-k400_7877.jpg
Đàn Piano cơ Kawai K400,dan-piano-co-kawai-k400_7750.jpg
Đàn Piano cơ Kawai K400,dan-piano-co-kawai-k400_4992.jpg
Đàn Piano cơ Kawai K400,dan-piano-co-kawai-k400_6592.jpg
Đàn Piano cơ Kawai K400,dan-piano-co-kawai-k400_5306.jpg
Đàn Piano cơ Kawai K400,dan-piano-co-kawai-k400_9761.jpg
Đàn Piano cơ Kawai K400,dan-piano-co-kawai-k400_7534.jpg
Đàn Piano cơ Kawai K400,dan-piano-co-kawai-k400.png
Đàn Piano cơ Kawai K400,dan-piano-co-kawai-k400_3892.jpg
Đàn Piano cơ Kawai K400,dan-piano-co-kawai-k400_3736.jpg
Đàn Piano cơ Kawai K400,dan-piano-co-kawai-k400_7377.jpg
Đàn Piano cơ Kawai K500,Dan-Piano-co-Kawai-K500.jpg
Đàn Piano cơ Kawai K500,dan-piano-co-kawai-k500.png
Đàn Piano cơ Kawai K600,Dan-Piano-co-Kawai-K600.jpg
Đàn Piano cơ Kawai K600,dan-piano-co-kawai-k600_8459.jpg
Đàn Piano cơ Kawai K600,dan-piano-co-kawai-k600_4733.jpg
Đàn Piano cơ Kawai K600,dan-piano-co-kawai-k600_6129.jpg
Đàn Piano cơ Kawai K600,dan-piano-co-kawai-k600_2116.jpg
Đàn Piano cơ Kawai K700,Dan-Piano-co-Kawai-K700.jpg
Đàn Piano cơ Kawai K800,Dan-Piano-co-Kawai-K800.jpg
Đàn Piano điện Roland RP-30,Dan-Piano-dien-Roland-RP-30.jpg
Đàn Piano điện Roland RP-30,dan_piano_dien_roland_rp-30-6.jpg
Đàn Piano điện Roland RP-30,dan_piano_dien_roland_rp-30-4.jpg
Đàn Piano điện Roland RP-30,dan_piano_dien_roland_rp-30-2.jpg
Đàn Piano điện Roland RP-30,dan_piano_dien_roland_rp-30-3.jpg
Đàn Piano điện Roland RP-30,dan_piano_dien_roland_rp-30-5.jpg
Đàn Piano điện Roland RP-30,dan_piano_dien_roland_rp-30-7.jpg
Đàn Piano điện Roland RP-30,dan-piano-dien-roland-rp-30_2532.jpg
Đàn Piano điện Roland RP-30,dan-piano-dien-roland-rp-30_5985.jpg
Đàn Piano điện Roland RP-30,dan-piano-dien-roland-rp-30_2853.jpg
Đàn Piano điện Roland RP-30,dan-piano-dien-roland-rp-30_8152.jpg
Đàn Piano điện Roland RP-30,dan-piano-dien-roland-rp-30_9781.jpg
Đàn Piano điện Roland F107,dan-piano-dien-roland-f107_7294.jpg
Đàn Piano điện Roland F107,dan-piano-dien-roland-f107_8403.jpg
Đàn Piano điện Roland F107,dan-piano-dien-roland-f107_5583.jpg
Đàn Piano điện Roland F107,dan-piano-dien-roland-f107_2394.jpg
Đàn Piano điện Roland F107,dan-piano-dien-roland-f107_1963.jpg
Đàn Piano điện Roland F107,dan-piano-dien-roland-f107_5588.jpg
Đàn Piano điện Roland F107,dan-piano-dien-roland-f107_9147.jpg
Đàn Piano điện Roland RP-107,dan-piano-dien-roland-rp-107_4626.jpg
Đàn Piano điện Roland RP-107,dan-piano-dien-roland-rp-107_3183.jpg
Đàn Piano điện Roland RP-107,dan-piano-dien-roland-rp-107_8482.jpg
Đàn Piano điện Roland RP-107,dan-piano-dien-roland-rp-107_1269.jpg
Đàn Piano điện Roland RP-107,dan-piano-dien-roland-rp-107_7540.jpg
Đàn Piano điện Roland RP-107,dan-piano-dien-roland-rp-107_4341.jpg
Đàn Piano điện Roland RP-107,dan-piano-dien-roland-rp-107_2398.jpg
Đàn Piano điện Roland RP-107,dan-piano-dien-roland-rp-107_7226.jpg
Đàn Piano điện Roland RP-107,dan-piano-dien-roland-rp-107_2741.jpg
Đàn Piano điện Roland RP-107,dan-piano-dien-roland-rp-107_9129.jpg
Đàn Piano điện Roland RP-107,dan-piano-dien-roland-rp-107_2965.jpg
Đàn Piano điện Roland RP-107,dan-piano-dien-roland-rp-107_2973.jpg
Đàn Piano điện Roland FP-E50,dan-piano-dien-roland-fp-e50.jpg
Đàn Piano điện Roland FP-E50,dan-piano-dien-roland-fp-e50_2761.jpg
Đàn Piano điện Roland FP-E50,dan-piano-dien-roland-fp-e50_9032.jpg
Đàn Piano điện Roland FP-E50,dan-piano-dien-roland-fp-e50_5832.jpg
Đàn Piano điện Roland FP-E50,dan-piano-dien-roland-fp-e50_4861.jpg
Đàn Piano điện Roland FP-E50,dan-piano-dien-roland-fp-e50_7619.jpg
Đàn Piano điện Roland FP-E50,dan-piano-dien-roland-fp-e50_5630.jpg
Đàn Piano điện Roland RP 501R-RW/SB,Dan-Piano-dien-Roland-RP-501R-RW-SB.jpg
Đàn Piano Điện Roland FP-10,dan-piano-dien-roland-fp-10_8471.jpg
Đàn Piano Điện Roland FP-10,dan-piano-dien-roland-fp-10_1141.jpg
Đàn Piano Điện Roland FP-10,dan-piano-dien-roland-fp-10_1606.jpg
Đàn Piano Điện Roland FP-10,dan-piano-dien-roland-fp-10_2762.jpg
Đàn Piano Điện Roland FP-10,Dan-Piano-Dien-Roland-FP-10.jpg
Đàn Piano Điện Roland FP-10,dan-piano-dien-roland-fp-10_9033.jpg
Đàn Piano Điện Roland FP-10,dan-piano-dien-roland-fp-10_1793.jpg
Đàn Piano Điện Roland FP-10,dan-piano-dien-roland-fp-10_3049.jpg
Đàn Piano Điện Roland FP-10,dan-piano-dien-roland-fp-10_4548.jpg
Đàn Piano Điện Roland FP-10,dan-piano-dien-roland-fp-10_9820.jpg
Đàn Piano Điện Roland FP-10,dan-piano-dien-roland-fp-10_7062.jpg
Đàn Piano Điện Roland FP-10,piano dien fp10 gia re.jpg
Đàn Piano Điện Roland FP-10,roland fp10 gia re.jpg
Đàn Piano Điện Roland FP-10,fp-10 piano.jpg
Đàn Piano Điện Roland FP-10,fp 10 roland piano dien.jpg
Đàn Piano Điện Roland FP-10,roland piano fp10 .jpg
Đàn Piano Điện Roland FP-10,dan-piano-dien-roland-fp-10_7533.jpg
Đàn Piano Điện Roland FP-10,dan-piano-dien-roland-fp-10_8334.jpg
Đàn Piano điện Roland HP-702,dan-piano-dien-roland-hp-702_9871.jpg
Đàn Piano điện Roland HP-702,dan-piano-dien-roland-hp-702_3257.jpg
Đàn Piano điện Roland HP-702,dan-piano-dien-roland-hp-702_6299.jpg
Đàn Piano điện Roland HP-702,dan-piano-dien-roland-hp-702_7300.jpg
Đàn Piano điện Roland HP-702,dan-piano-dien-roland-hp-702_3914.jpg
Đàn Piano điện Roland HP-702,dan-piano-dien-roland-hp-702_6829.jpg
Đàn Piano điện Roland HP-702,dan-piano-dien-roland-hp-702_3571.jpg
Đàn Piano điện Roland HP-702,dan-piano-dien-roland-hp-702_3885.jpg
Đàn Piano điện Roland HP-702,dan-piano-dien-roland-hp-702_1157.jpg
Đàn Piano điện Roland HP-702,dan-piano-dien-roland-hp-702_1971.jpg
Đàn Piano điện Roland HP-702,dan-piano-dien-roland-hp-702_4229.jpg
Đàn Piano điện Roland HP-702,dan-piano-dien-roland-hp-702_3994.jpg
Đàn Piano điện Casio PX 160BK/WE,Dan-Piano-dien-Casio-PX-160BK-WE.jpg
Đàn Piano Casio PX A100,Dan-Piano-Casio-PX-A100.jpg
Đàn piano điện Casio PX-S3000,Dan-piano-dien-Casio-PX-S3000.jpg
Đàn piano điện Casio PX-S3000,dan piano casio-PX-S3000-2.png
Đàn piano điện Casio PX-S3000,dan piano casio-PX-S3000-3.png
Đàn piano điện Casio PX-S3000,dan piano casio-PX-S3000-4.png
Đàn Piano Casio PX 760BK,Dan-Piano-Casio-PX-760.jpg
Đàn Piano điện Casio PX870,Dan-Piano-dien-Casio-PX870.jpg
Đàn Piano điện Casio PX-S5000,dan-piano-dien-casio-px-s5000.jpg
Đàn Piano điện Casio PX-S5000,dan-piano-dien-casio-px-s5000_9137.jpg
Đàn Piano Casio PX 800BN,Dan-Piano-Casio-PX-800BN.jpg
Đàn Piano điện Casio CDP S110,dan-piano-dien-casio-cdp-s110_8182.jpg
Đàn Piano điện Casio CDP S110,dan-piano-dien-casio-cdp-s110.jpg
Đàn Piano điện Casio CDP S110,dan-piano-dien-casio-cdp-s110_9133.jpg
Đàn Piano điện Casio CDP S110,dan-piano-dien-casio-cdp-s110_3534.png
Đàn Piano điện Casio CDP S110,dan-piano-dien-casio-cdp-s110_7157.jpg
Đàn Piano điện Casio CDP S110,dan-piano-dien-casio-cdp-s110_5478.png
Đàn Piano điện Casio CDP S110,dan-piano-dien-casio-cdp-s110.png
Đàn Piano điện Casio CDP S110,dan-piano-dien-casio-cdp-s110_7735.png
Đàn Piano điện Casio CDP S110,dan-piano-dien-casio-cdp-s110_4849.png
Đàn Piano Casio AP 650BK,Dan-Piano-Casio-AP-650.jpg
Đàn Piano Casio CDP 235R,Dan-Piano-Casio-CDP-235R.jpg
Đàn piano điện Casio CDP-S350,Dan-piano-dien-Casio-CDP-S350.jpg
Đàn piano điện Casio CDP-S350,dan piano casio-cdp-S350-1.jpg
Đàn piano điện Casio CDP-S350,dan piano casio-cdp-S350.jpg
Đàn piano điện Casio CDP-S350,dan piano casio-cdp-S350-3.jpg
Đàn piano điện Casio CDP-S350,dan piano casio-cdp-S350-4.jpg
Đàn piano điện Casio CDP-S350,dan piano casio-cdp-S350-5.jpg
Đàn piano điện Casio CDP-S350,dan piano casio-cdp-S350-6.jpg
Đàn Piano Casio CDP-135,Dan-Piano-Casio-CDP-135.jpg
Đàn Piano Casio CDP-135,Dan Piano casio cdp-135-casio.png
Đàn Piano Yamaha DGB1KE3 PE,Dan-Piano-Yamaha-DGB1KE3-PE.jpg
Đàn Silent Piano Yamaha JU109 PE,Dan-Silent-Piano-Yamaha-JU109-PE.jpg
Đàn Piano Yamaha JX113T-Silent,Dan-Piano-Yamaha-JX113T-Silent.jpg
Đàn Piano Yamaha U1J-Silent,Dan-Piano-Yamaha-U1J-Silent.jpg
Đàn Piano Yamaha GB1K PE,Dan-Piano-Yamaha-GB1K-PE.jpg
Đàn Piano Yamaha GB1K PE,dan-piano-yamaha-gb1k-pe_5941.jpg
Đàn Piano Yamaha GB1K PE,dan-piano-yamaha-gb1k-pe_5256.jpg
Đàn Piano Yamaha GB1K PE,dan-piano-yamaha-gb1k-pe_1088.jpg
Đàn Piano Yamaha GB1K PE,dan-piano-yamaha-gb1k-pe_4246.jpg
Đàn Piano Yamaha GB1K PE,dan-piano-yamaha-gb1k-pe_2544.jpg
Đàn Piano Yamaha GB1K PE,dan-piano-yamaha-gb1k-pe_2515.jpg
Đàn Piano Yamaha GB1K PE,dan-piano-yamaha-gb1k-pe_4577.jpg
Đàn Piano Yamaha GB1K PE,dan-piano-yamaha-gb1k-pe_4992.jpg
Đàn Piano Yamaha GB1K PE,dan-piano-yamaha-gb1k-pe_2577.jpg
Đàn Piano Yamaha GB1K PE,dan-piano-yamaha-gb1k-pe_3706.jpg
Đàn Piano Yamaha GB1K PE,dan-piano-yamaha-gb1k-pe.JPEG
Đàn Piano Yamaha GB1K PE,dan-piano-yamaha-gb1k-pe.png
Đàn Piano Yamaha GB1K PWH,Dan-Piano-Yamaha-GB1K-PWH.jpg
Đàn Piano Yamaha GB1K PM,Dan-Piano-Yamaha-GB1K-PM.jpg
Đàn Piano Yamaha GB1K PAW,Dan-Piano-Yamaha-GB1K-PAW.jpg
Đàn Piano Yamaha GC1 PE,Dan-Piano-Yamaha-GC1-PE.jpg
Đàn Piano Yamaha GC1 PE,dan-piano-yamaha-gc1-pe_2041.jpg
Đàn Piano Yamaha GC1 PE,dan-piano-yamaha-gc1-pe_4015.jpg
Đàn Piano Yamaha GC1 PE,dan-piano-yamaha-gc1-pe_2722.jpg
Đàn Piano Yamaha GC1 PE,dan-piano-yamaha-gc1-pe_9809.jpg
Đàn Piano Yamaha GC1 PE,dan-piano-yamaha-gc1-pe_7485.jpg
Đàn Piano Yamaha GC1 PE,dan-piano-yamaha-gc1-pe_6603.jpg
Đàn Piano Yamaha GC1 PE,dan-piano-yamaha-gc1-pe_9520.jpg
Đàn Piano Yamaha GC1 PE,dan-piano-yamaha-gc1-pe_5005.jpg
Đàn Piano Yamaha GC1 PE,dan-piano-yamaha-gc1-pe_6949.jpg
Đàn Piano Yamaha GC1 PE,dan-piano-yamaha-gc1-pe_9218.jpg
Đàn Piano Yamaha GC1 PE,dan-piano-yamaha-gc1-pe_6176.jpg
Đàn Piano Yamaha GC1 PE,dan-piano-yamaha-gc1-pe_5515.jpg
Đàn Piano Yamaha GC1 PE,dan-piano-yamaha-gc1-pe_1262.jpg
Đàn Piano Yamaha GC1 PE,dan-piano-yamaha-gc1-pe_1078.jpg
Đàn Piano Yamaha GC1 PE,dan-piano-yamaha-gc1-pe_9589.jpg
Đàn Piano Yamaha GC1 PE,dan-piano-yamaha-gc1-pe_8923.jpg
Đàn Piano Yamaha GC1 PE,dan-piano-yamaha-gc1-pe_1603.jpg
Đàn Piano Yamaha GC2 PE,Dan-Piano-Yamaha-GC2-PE.jpg
Đàn Piano Yamaha C1X PE,Dan-Piano-Yamaha-C1-PE.jpg
Đàn Piano Yamaha C3 PE,Dan-Piano-Yamaha-C3-PE.jpg
Đàn Piano Yamaha C2X PE,Dan-Piano-Yamaha-C2-PE.jpg
Đàn Piano Yamaha C5 PE,Dan-Piano-Yamaha-C5-PE.jpg
Đàn Piano Yamaha C7 PE,Dan-Piano-Yamaha-C7-PE.jpg
Đàn Piano Yamaha C7 PE,dan-piano-yamaha-c7-pe_4610.jpg
Đàn Piano Yamaha C6 PE,Dan-Piano-Yamaha-CF6-PE.jpg
Đàn Piano Yamaha C6X PE,Dan-Piano-Yamaha-C6-PE.jpg
Đàn Piano Yamaha C6X PE,dan-piano-yamaha-c6-pe_2227.jpg
Đàn Piano Yamaha C6X PE,dan-piano-yamaha-c6-pe_4710.jpg
Đàn Piano Yamaha C6X PE,dan-piano-yamaha-c6-pe_2469.jpg
Đàn Piano Yamaha C6X PE,dan-piano-yamaha-c6-pe_8380.jpg
Đàn Piano Yamaha C6X PE,dan-piano-yamaha-c6-pe_9636.jpg
Đàn Piano Yamaha C6X PE,dan-piano-yamaha-c6-pe_4494.jpg
Đàn Piano Yamaha C6X PE,dan-piano-yamaha-c6-pe_6408.jpg
Đàn Piano Yamaha C6X PE,dan-piano-yamaha-c6-pe_9951.jpg
Đàn Piano Yamaha JU109PE,Dan-Piano-Yamaha-JU109PE.jpg
Đàn Piano Yamaha JU109PE,dan-piano-yamaha-ju109pe_4186.jpg
Đàn Piano Yamaha JU109PE,dan-piano-yamaha-ju109pe_7692.jpg
Đàn Piano Yamaha JU109PE,dan-piano-yamaha-ju109pe_8076.jpg
Đàn Piano Yamaha JU109PE,dan-piano-yamaha-ju109pe_4681.jpg
Đàn Piano Yamaha JU109PE,dan-piano-yamaha-ju109pe_1452.jpg
Đàn Piano Yamaha JU109PW-Màu vân gỗ,Dan-Piano-Yamaha-JU109PW.jpg
Đàn Piano Yamaha JU109PM,JU109_PM_600.jpg
Đàn Piano Yamaha JX113T PE,Dan-Piano-Yamaha-JX113T-PE.jpg
Đàn Piano Yamaha JX113CP PM,Dan-Piano-Yamaha-JX113T-PM.jpg
Đàn Piano Yamaha JX113CP PM,dan-piano-yamaha-jx113cp-pm.jpg
Đàn Piano Yamaha JX113CP PM,dan-piano-yamaha-jx113cp-pm_5531.jpg
Đàn Piano Yamaha JX113CP PM,dan-piano-yamaha-jx113cp-pm_6345.jpg
Đàn Piano Yamaha U1J-PE,dan-piano-yamaha-u1j-pe.png
Đàn Piano Yamaha U1J-PE,dan-piano-yamaha-u1j-pe.jpg
Đàn Piano Yamaha U1J-PE,dan-piano-yamaha-u1j-pe_1652.jpg
Đàn Piano Yamaha U1J-PE,dan-piano-yamaha-u1j-pe_9365.jpg
Đàn Piano Yamaha U1J-PE,dan-piano-yamaha-u1j-pe_2830.jpg
Đàn Piano Yamaha U1J-PE,dan-piano-yamaha-u1j-pe_9887.jpg
Đàn Piano Yamaha U1J-PE,dan-piano-yamaha-u1j-pe_6669.jpg
Đàn Piano Yamaha U1J-PE,dan-piano-yamaha-u1j-pe_3538.jpg
Đàn Piano Yamaha U1J-PE,dan-piano-yamaha-u1j-pe_6770.jpg
Đàn Piano Yamaha U1J-PE,dan-piano-yamaha-u1j-pe_8714.jpg
Đàn Piano Yamaha U1J-PE,dan-piano-yamaha-u1j-pe_5993.jpg
Đàn Piano Yamaha U1J-PE,dan-piano-yamaha-u1j-pe_1980.jpg
Đàn Piano Yamaha U1J-PE,dan-piano-yamaha-u1j-pe_1195.jpg
Đàn Piano Yamaha U1J-PE,dan-piano-yamaha-u1j-pe_5680.jpg
Đàn Piano Yamaha U1J-PE,dan-piano-yamaha-u1j-pe_6651.jpg
Đàn Piano Yamaha U1J-PE,dan-piano-yamaha-u1j-pe_7122.jpg
Đàn Piano Yamaha U1J-PE,dan-piano-yamaha-u1j-pe_4804.jpg
Đàn Piano Yamaha U1J-PE,dan-piano-yamaha-u1j-pe_3450.jpg
Đàn Piano Yamaha U1J-PE,dan-piano-yamaha-u1j-pe_8033.jpg
Đàn Piano Yamaha U1J-PE,dan-piano-yamaha-u1j-pe_5679.jpg
Đàn Piano Yamaha U1J-PE,dan-piano-yamaha-u1j-pe_2559.jpg
Đàn Piano Yamaha U1JCP SDW,Dan-Piano-Yamaha-U1JCP-SDW.jpg
Đàn Piano Yamaha U1J PWHC,Dan-Piano-Yamaha-U1J-PWHC.jpg
Đàn Piano Yamaha U1J-PM,Dan-Piano-Yamaha-U1J-PM.jpg
Đàn Piano Yamaha U1J-PM,dan-piano-yamaha-u1j-pm_2270.jpg
Đàn Piano Yamaha U1J-PM,dan-piano-yamaha-u1j-pm_5783.jpg
Đàn Piano Yamaha U1J-PM,dan-piano-yamaha-u1j-pm_8384.jpg
Đàn Piano Yamaha U1J-PM,dan-piano-yamaha-u1j-pm_6126.jpg
Đàn Piano Yamaha U1J-PM,dan-piano-yamaha-u1j-pm_3556.jpg
Đàn Piano Yamaha U1J-PM,dan-piano-yamaha-u1j-pm_7726.jpg
Đàn Piano Yamaha U1 PE,Dan-Piano-Yamaha-U1-PE.jpg
Đàn Piano Yamaha U3 PE,Dan-Piano-Yamaha-U3-PE.jpg
Đàn Piano Yamaha U3 PE,Dan Piano Yamaha U3 .jpg
Đàn Piano Yamaha U3 PE,mua piano yamaha u3 .jpg
Đàn Piano Yamaha U3 PE,dan-piano-yamaha-u3-pe_9133.jpg
Đàn Piano Yamaha U3 PE,dan-piano-yamaha-u3-pe_1487.jpg
Đàn Piano Yamaha U3 PE,dan-piano-yamaha-u3-pe_8618.jpg
Đàn Piano Yamaha U3 PE,piano Yamaha U3 gia re.jpg
Đàn Piano Yamaha U3 PE,dan-piano-yamaha-u3-pe_2308.jpg
Đàn Piano Yamaha U3 PE,dan-piano-yamaha-u3-pe_9678.jpg
Đàn Piano Yamaha U3 PE,dan-piano-yamaha-u3-pe_2253.jpg
Đàn Piano cơ Yamaha U1 PM - Màu vân gỗ,dan-piano-co-yamaha-u1-pm -mau-van-go.jpg
Đàn Piano Yamaha YUS1 PE,Dan-Piano-Yamaha-YUS1-PE.jpg
Đàn Piano Yamaha YUS3 PE,Dan-Piano-Yamaha-YUS31-PE.jpg
Đàn Piano Yamaha YUS5 PE,yus5pe_main_1912200817.jpg
Đàn Piano Yamaha YUS5 PE,dan-piano-yamaha-yus5-pe.jpg
Đàn Piano Yamaha YUS5 PE,dan-piano-yamaha-yus5-pe_3918.jpg
Đàn Piano Yamaha YUS5 PE,dan-piano-yamaha-yus5-pe_2377.jpg
Đàn Piano Yamaha YUS5 PE,dan-piano-yamaha-yus5-pe_4240.jpg
Đàn Piano Yamaha YUS5 PE,dan-piano-yamaha-yus5-pe_4584.jpg
Đàn Piano Yamaha M3 SDW,Dan-Piano-Yamaha-M3-SDW.jpg
Đàn Piano Yamaha M3 SM,Dan-Piano-Yamaha-M3-SM.jpg
Đàn Piano Yamaha M3 SBW,Dan-Piano-Yamaha-M3-SBW.jpg
Đàn Piano Yamaha M2 SDW,Dan-Piano-Yamaha-M2-SDW.jpg
Đàn Piano Yamaha M2 SBW,Dan-Piano-Yamaha-M2-SBW.jpg
Đàn Piano Yamaha M2 SM,Dan-Piano-Yamaha-M2-SM.jpg
Đàn Piano điện Yamaha DGX-670,dan-piano-dien-yamaha-dgx-670.jpg
Đàn Piano điện Yamaha DGX-670,dan-piano-dien-yamaha-dgx-670_7965.jpg
Đàn Piano điện Yamaha DGX-670,dan-piano-dien-yamaha-dgx-670_2253.jpg
Đàn Piano điện Yamaha DGX-670,dan-piano-dien-yamaha-dgx-670_2434.png
Đàn Piano điện Yamaha DGX-670,dan-piano-dien-yamaha-dgx-670.png
Đàn Piano điện Yamaha DGX-670,dan-piano-dien-yamaha-dgx-670_4504.png
Đàn Piano điện Yamaha DGX-670,dan-piano-dien-yamaha-dgx-670_8204.png
Đàn Piano điện Yamaha DGX-670,dan-piano-dien-yamaha-dgx-670_5321.jpg
Đàn Piano điện Yamaha DGX-670,dan-piano-dien-yamaha-dgx-670_2407.jpg
Đàn Piano điện Yamaha DGX-670,dan-piano-dien-yamaha-dgx-670_5694.jpg
Đàn Piano điện Yamaha DGX-670,dan-piano-dien-yamaha-dgx-670_1494.jpg
Đàn Piano điện Yamaha DGX-670,dan-piano-dien-yamaha-dgx-670_7450.jpg
Đàn Piano điện Yamaha DGX-670,dan-piano-dien-yamaha-dgx-670_5007.jpg
Đàn Piano điện Yamaha DGX-670,dan-piano-dien-yamaha-dgx-670_1307.jpg
Đàn Piano điện Yamaha DGX-670,dan-piano-dien-yamaha-dgx-670_4948.jpg
Đàn Piano điện Yamaha DGX-670,dan-piano-dien-yamaha-dgx-670_7019.jpg
Đàn Piano điện Yamaha DGX-670,dan-piano-dien-yamaha-dgx-670_7176.jpg
Đàn Piano điện Yamaha DGX-670,dan-piano-dien-yamaha-dgx-670_6990.jpg
Đàn Piano điện Yamaha DGX-670,dan-piano-dien-yamaha-dgx-670_1190.jpg
Đàn Piano điện Yamaha DGX-670,dan-piano-dien-yamaha-dgx-670_4605.jpg
Đàn Piano điện Yamaha DGX-670,dan-piano-dien-yamaha-dgx-670_8275.jpg
Đàn Piano điện Yamaha DGX-670,dan-piano-dien-yamaha-dgx-670_3089.jpg
Đàn organ yamaha DGX 660,Dan-organ-yamaha-DGX-660.jpg
Đàn organ yamaha DGX 660,organ yamaha DGX 660-5.jpg
Đàn organ yamaha DGX 660,organ yamaha DGX 660-1.jpg
Đàn Piano Clavinova Yamaha CVP 701B,Dan-Piano-Clavionva-Yamaha-CVP-701B.jpg
Đàn Piano Clavinova Yamaha CVP 701B,dan-piano-clavionva-yamaha-cvp-701b_1339.jpg
Đàn Piano Clavinova Yamaha CVP 701B,dan-piano-clavionva-yamaha-cvp-701b_5751.jpg
Đàn Piano Clavinova Yamaha CVP 701PE,Dan-Piano-Clavionva-Yamaha-CVP-701PE.jpg
Đàn Piano Clavinova Yamaha CVP 701PE,dan-piano-clavionva-yamaha-cvp-701pe_2630.jpg
Đàn Piano Clavinova Yamaha CVP 701PE,dan-piano-clavionva-yamaha-cvp-701pe_6016.jpg
Đàn Piano Clavinova Yamaha CVP 701PE,dan-piano-clavionva-yamaha-cvp-701pe_3445.jpg
Đàn Piano Clavinova Yamaha CVP 701PE,dan-piano-clavionva-yamaha-cvp-701pe_7802.jpg
Đàn Piano Clavinova Yamaha CVP 701PE,dan-piano-clavionva-yamaha-cvp-701pe_1816.jpg
Đàn Piano Clavinova Yamaha CVP 701PE,dan-piano-clavionva-yamaha-cvp-701pe_2215.jpg
Đàn Piano Clavinova Yamaha CVP 701PE,dan-piano-clavionva-yamaha-cvp-701pe_5149.jpg
Đàn Piano điện Yamaha CVP-805B,Dan-Piano-dien-Yamaha-CVP-805B.jpg
Đàn Piano điện Yamaha CVP-805B,Dan Piano dien Yamaha CVP-805B-2.jpg
Đàn Piano điện Yamaha CVP-905B,dan-piano-dien-yamaha-cvp-905b.jpg
Đàn Piano điện Yamaha CVP-905B,dan-piano-dien-yamaha-cvp-905b_3300.jpg
Đàn Piano điện Yamaha CVP-905B,dan-piano-dien-yamaha-cvp-905b_1698.jpg
Đàn Piano điện Yamaha CVP-905B,dan-piano-dien-yamaha-cvp-905b_1608.jpg
Đàn Piano điện Yamaha CVP-905B,dan-piano-dien-yamaha-cvp-905b_3195.jpg
Đàn Piano điện Yamaha CVP-905B,dan-piano-dien-yamaha-cvp-905b_8189.jpg
Đàn Piano điện Yamaha CVP-905B,dan-piano-dien-yamaha-cvp-905b_4961.jpg
Đàn Piano điện Yamaha CVP-905B,dan-piano-dien-yamaha-cvp-905b_5274.jpg
Đàn Piano điện Yamaha CVP-905B,dan-piano-dien-yamaha-cvp-905b_7532.jpg
Đàn Piano điện Yamaha CVP-905B,dan-piano-dien-yamaha-cvp-905b_8817.jpg
Đàn Piano điện Yamaha CVP-805PE,Dan-Piano-dien-Yamaha-CVP-805PE.jpg
Đàn Piano điện Yamaha CVP-805PE,Dan Piano dien Yamaha CVP-805PE-1.jpg
Đàn Piano điện Yamaha CVP-905PE,dan-piano-dien-yamaha-cvp-905pe.jpg
Đàn Piano điện Yamaha CVP-905PE,dan-piano-dien-yamaha-cvp-905pe_2896.jpg
Đàn Piano điện Yamaha CVP-905PE,dan-piano-dien-yamaha-cvp-905pe_1964.jpg
Đàn Piano điện Yamaha CVP-905PE,dan-piano-dien-yamaha-cvp-905pe_2898.jpg
Đàn Piano điện Yamaha CVP-905PE,dan-piano-dien-yamaha-cvp-905pe_3399.jpg
Đàn Piano điện Yamaha CVP-905PE,dan-piano-dien-yamaha-cvp-905pe_4998.jpg
Đàn Piano điện Yamaha CVP-905PE,dan-piano-dien-yamaha-cvp-905pe_1485.jpg
Đàn Piano điện Yamaha CVP-905PE,dan-piano-dien-yamaha-cvp-905pe_9512.jpg
Đàn Piano điện Yamaha CVP-905PE,dan-piano-dien-yamaha-cvp-905pe_5096.jpg
Đàn Piano điện Yamaha CVP-905PE,dan-piano-dien-yamaha-cvp-905pe_4527.jpg
Đàn Piano điện Yamaha CVP-905PE,dan-piano-dien-yamaha-cvp-905pe_5028.jpg
Đàn Piano điện Yamaha CVP-905PE,dan-piano-dien-yamaha-cvp-905pe_2300.jpg
Đàn Piano điện Yamaha CVP-905PE,dan-piano-dien-yamaha-cvp-905pe_7098.jpg
Đàn Piano điện Yamaha CVP-905PE,dan-piano-dien-yamaha-cvp-905pe_4370.jpg
Đàn Piano điện Yamaha CVP-905PE,dan-piano-dien-yamaha-cvp-905pe_4870.jpg
Đàn Piano điện Yamaha CVP-905PE,dan-piano-dien-yamaha-cvp-905pe_5371.jpg
Đàn Piano điện Yamaha CVP-905PE,dan-piano-dien-yamaha-cvp-905pe_5184.jpg
Đàn Piano điện Yamaha CVP-905PE,dan-piano-dien-yamaha-cvp-905pe_9699.jpg
Đàn Piano điện Yamaha CVP-905PE,dan-piano-dien-yamaha-cvp-905pe_6361.jpg
Đàn Piano điện Yamaha CVP-905PE,dan-piano-dien-yamaha-cvp-905pe_2435.jpg
Đàn Piano điện Yamaha CVP-905PE,dan-piano-dien-yamaha-cvp-905pe_8706.jpg
Đàn Piano điện Yamaha CVP-905PE,dan-piano-dien-yamaha-cvp-905pe_9236.jpg
Đàn Piano Clavinova Yamaha CVP 709B,Dan-Piano-Clavionva-Yamaha-CVP-709B.jpg
Đàn Piano điện Yamaha CVP-809B,Dan-Piano-dien-Yamaha-CVP-809B.jpg
Đàn Piano điện Yamaha CVP-809B,Dan Piano dien Yamaha CVP-809B-2.jpg
Đàn Piano điện Yamaha CVP-809PE,Dan-Piano-dien-Yamaha-CVP-809PE.jpg
Đàn Piano điện Yamaha CVP-809PE,dan-piano-dien-yamaha-cvp-809pe_5205.jpg
Đàn Piano điện Yamaha CVP-809PE,Dan Piano dien Yamaha CVP-809PE-2.jpg
Đàn Piano điện Yamaha CVP-809PE,dan-piano-dien-yamaha-cvp-809pe_8468.jpg
Đàn Piano điện Yamaha CVP-809PE,dan-piano-dien-yamaha-cvp-809pe_6831.jpg
Đàn Piano điện Yamaha CVP-809PE,dan-piano-dien-yamaha-cvp-809pe_9422.jpg
Đàn Piano điện Yamaha CVP-809PE,dan-piano-dien-yamaha-cvp-809pe_4600.jpg
Đàn Piano điện Yamaha CVP-809PE,dan-piano-dien-yamaha-cvp-809pe_1259.jpg
Đàn Piano điện Yamaha CVP-809PE,dan-piano-dien-yamaha-cvp-809pe_3396.jpg
Đàn Piano điện Yamaha CVP-809PE,dan-piano-dien-yamaha-cvp-809pe_7017.jpg
Đàn Piano Clavinova Yamaha CVP 709PE,Dan-Piano-Clavionva-Yamaha-CVP-709PE.jpg
Đàn Piano điện Yamaha CVP-909B,dan-piano-dien-yamaha-cvp-909b.jpg
Đàn Piano điện Yamaha CVP-909B,dan-piano-dien-yamaha-cvp-909b_9917.jpg
Đàn Piano Clavinova Yamaha CVP 709WH,Dan-Piano-Clavionva-Yamaha-CVP-709WH.jpg
Đàn Piano điện Yamaha CVP-909PE,dan-piano-dien-yamaha-cvp-909pe.jpg
Đàn Piano Clavinova Yamaha CVP 709GP,Dan-Piano-Clavionva-Yamaha-CVP-709GP.jpg
Đàn Piano điện Yamaha CVP-809GP,Dan-Piano-dien-Yamaha-CVP-809GP.jpg
Đàn Piano điện Yamaha CVP-809GP,Dan Piano dien Yamaha CVP-809GP-2.jpg
Đàn Piano điện Yamaha CVP-809GP,dan-piano-dien-yamaha-cvp-809gp_7697.jpg
Đàn Piano điện Yamaha CVP-809GP,dan-piano-dien-yamaha-cvp-809gp_8011.jpg
Đàn Piano điện Yamaha CVP-809GP,dan-piano-dien-yamaha-cvp-809gp_5350.jpg
Đàn Piano điện Yamaha CVP-809GP,dan-piano-dien-yamaha-cvp-809gp_3713.jpg
Đàn Piano điện Yamaha CVP-809GP,dan-piano-dien-yamaha-cvp-809gp_5304.jpg
Đàn Piano điện Yamaha CVP-809GP,dan-piano-dien-yamaha-cvp-809gp_1728.jpg
Đàn Piano điện Yamaha CVP-809GWH,Dan-Piano-dien-Yamaha-CVP-809GWH.jpg
Đàn Piano điện Yamaha CVP-809GWH,Dan Piano dien Yamaha CVP-809GWH-2.jpg
Đàn Piano điện Yamaha CVP-909GP,dan-piano-dien-yamaha-cvp-909gp.jpg
Đàn Piano điện Yamaha CVP-909GP,dan-piano-dien-yamaha-cvp-909gp_3653.jpg
Đàn Piano điện Yamaha CLP 725 Rosewood,dan-piano-dien-yamaha-clp-725rosewood.jpg
Đàn Piano điện Yamaha CLP 725 Rosewood,dan-piano-dien-yamaha-clp-725rosewood.png
Đàn Piano điện Yamaha CLP 725 Rosewood,dan-piano-dien-yamaha-clp-725rosewood.jpeg
Đàn Piano điện Yamaha CLP 725 White,dan-piano-dien-yamaha-clp-725-white.jpg
Đàn Piano điện Yamaha CLP 725 White,dan-piano-dien-yamaha-clp-725-white_3238.jpg
Đàn Piano điện Yamaha CLP 725 White,dan-piano-dien-yamaha-clp-725-white.png
Đàn Piano điện Yamaha CLP 725 White,dan-piano-dien-yamaha-clp-725-white_1255.jpg
Đàn Piano điện Yamaha CLP 725 Black,dan-piano-dien-yamaha-clp-725black.jpg
Đàn Piano điện Yamaha CLP 725 Black,dan-piano-dien-yamaha-clp-725black.png
Đàn Piano điện Yamaha CLP 725 Black,dan-piano-dien-yamaha-clp-725black_3611.png
Đàn Piano điện Yamaha CLP 725 Black,dan-piano-dien-yamaha-clp-725black_3140.png
Đàn Piano điện Yamaha CLP 825 White,dan-piano-dien-yamaha-clp-825-white.jpg
Đàn Piano điện Yamaha CLP 825 White,dan-piano-dien-yamaha-clp-825-white_3315.jpg
Đàn Piano điện Yamaha CLP 825 Black,dan-piano-dien-yamaha-clp-825-black.jpg
Đàn Piano điện Yamaha CLP 825 Black,dan-piano-dien-yamaha-clp-825-black_5559.jpg
Đàn Piano điện Yamaha CLP 825 Black,dan-piano-dien-yamaha-clp-825-black_6060.jpg
Đàn Piano điện Yamaha CLP 825 Black,dan-piano-dien-yamaha-clp-825-black_4774.jpg
Đàn Piano điện Yamaha CLP 825 Rosewood,dan-piano-dien-yamaha-clp-825-rosewood_6672.jpg
Đàn Piano điện Yamaha CLP 825 Rosewood,dan-piano-dien-yamaha-clp-825-rosewood.jpg
Đàn Piano điện Yamaha CLP-735 Rosewood,Dan-Piano-dien-Yamaha-CLP-735Rosewood.jpg
Đàn Piano điện Yamaha CLP-735 Rosewood,dan-piano-dien-yamaha-clp-735rosewood_8000.png
Đàn Piano điện Yamaha CLP-735 Rosewood,dan-piano-dien-yamaha-clp-735rosewood.png
Đàn Piano điện Yamaha CLP-735 Rosewood,dan-piano-dien-yamaha-clp-735rosewood_7970.jpg
Đàn Piano điện Yamaha CLP-735 Rosewood,dan-piano-dien-yamaha-clp-735rosewood_8761.png
Đàn Piano điện Yamaha CLP-735 White,Dan-Piano-dien-Yamaha-CLP-735White.jpg
Đàn Piano điện Yamaha CLP-735 White,dan-piano-dien-yamaha-clp-735white_2829.jpg
Đàn Piano điện Yamaha CLP-735 White,dan-piano-dien-yamaha-clp-735white_8599.jpg
Đàn Piano điện Yamaha CLP-735 Black,Dan-Piano-dien-Yamaha-CLP-735Black.jpg
Đàn Piano điện Yamaha CLP-735 Black,dan-piano-dien-yamaha-clp-735black_8619.jpg
Đàn Piano điện Yamaha CLP-735 Black,dan-piano-dien-yamaha-clp-735black.png
Đàn Piano điện Yamaha CLP 725 PE,dan-piano-dien-yamaha-clp-725-pe.jpg
Đàn Piano điện Yamaha CLP 725 PE,dan-piano-dien-yamaha-clp-725-pe.jpeg
Đàn Piano điện Yamaha CLP 825 PE,dan-piano-dien-yamaha-clp-825-pe.jpg
Đàn Piano điện Yamaha CLP 825 PE,dan-piano-dien-yamaha-clp-825-pe_7631.jpg
Đàn Piano điện Yamaha CLP-835 Black,dan-piano-dien-yamaha-clp-835-black.jpg
Đàn Piano điện Yamaha CLP-835 Black,dan-piano-dien-yamaha-clp-835-black_8727.jpg
Đàn Piano điện Yamaha CLP-835 White,dan-piano-dien-yamaha-clp-835-white_9435.jpg
Đàn Piano điện Yamaha CLP-835 White,dan-piano-dien-yamaha-clp-835-white.jpg
Đàn Piano điện Yamaha CLP-835 Rosewood,dan-piano-dien-yamaha-clp-835rosewood.jpg
Đàn Piano điện Yamaha CLP-835 Rosewood,dan-piano-dien-yamaha-clp-835rosewood_3930.jpg
Đàn Piano điện Yamaha CLP-835 Rosewood,dan-piano-dien-yamaha-clp-835rosewood_6658.jpg
Đàn Piano điện Yamaha CLP-745 White,Dan-Piano-dien-Yamaha-CLP-745White.jpg
Đàn Piano điện Yamaha CLP-745 White,dan-piano-dien-yamaha-clp-745white_8507.png
Đàn Piano điện Yamaha CLP-745 White,dan-piano-dien-yamaha-clp-745white.png
Đàn Piano điện Yamaha CLP-745 White,dan-piano-dien-yamaha-clp-745white_6220.png
Đàn Piano điện Yamaha CLP-745 White,dan-piano-dien-yamaha-clp-745white_2580.png
Đàn Piano điện Yamaha CLP-745 White,dan-piano-dien-yamaha-clp-745white_4807.png
Đàn Piano điện Yamaha CLP-745Black,Dan-Piano-dien-Yamaha-CLP-745Black.jpg
Đàn Piano điện Yamaha CLP-745 Rosewood,Dan-Piano-dien-Yamaha-CLP-745Rosewood.jpg
Đàn Piano điện Yamaha CLP-735 Polished Ebony,Dan-Piano-dien-Yamaha-CLP-735Polished-Ebony751.jpg
Đàn Piano điện Yamaha CLP-735 Polished Ebony,dan-piano-dien-yamaha-clp-735polished-ebony.png
Đàn Piano điện Yamaha CLP-735 Polished Ebony,dan-piano-dien-yamaha-clp-735polished-ebony_6316.png
Đàn Piano điện Yamaha CLP-835 Polished Ebony,dan-piano-dien-yamaha-clp-835-polished-ebony.jpg
Đàn Piano điện Yamaha CLP-835 Polished Ebony,dan-piano-dien-yamaha-clp-835-polished-ebony_2174.jpg
Đàn Piano điện Yamaha CLP-845 White,dan-piano-dien-yamaha-clp-845-white.jpg
Đàn Piano điện Yamaha CLP-845 White,dan-piano-dien-yamaha-clp-845-white_5452.jpg
Đàn Piano điện Yamaha CLP-845 Black,dan-piano-dien-yamaha-clp-845-black_4359.jpg
Đàn Piano điện Yamaha CLP-845 Black,dan-piano-dien-yamaha-clp-845-black_2416.jpg
Đàn Piano điện Yamaha CLP-845 Black,dan-piano-dien-yamaha-clp-845-black.jpg
Đàn Piano điện Yamaha CLP-845 Rosewood,dan-piano-dien-yamaha-clp-845rosewood.jpg
Đàn Piano điện Yamaha CLP-845 Rosewood,dan-piano-dien-yamaha-clp-845rosewood_4815.jpg
Đàn Piano điện Yamaha CLP-845 Rosewood,dan-piano-dien-yamaha-clp-845rosewood_1812.jpg
Đàn Piano điện Yamaha CLP-845 Rosewood,dan-piano-dien-yamaha-clp-845rosewood_5954.jpg
Đàn Piano điện Yamaha CLP-845 Rosewood,dan-piano-dien-yamaha-clp-845rosewood_9153.jpg
Đàn Piano điện Yamaha CLP-845 Rosewood,dan-piano-dien-yamaha-clp-845rosewood_3510.jpg
Đàn Piano điện Yamaha CLP-845 Rosewood,dan-piano-dien-yamaha-clp-845rosewood_1911.jpg
Đàn Piano điện Yamaha CLP-745Polished Ebony,Dan-Piano-dien-Yamaha-CLP-745Polished-Ebony.jpg
Đàn Piano điện Yamaha CLP-845 Polished Ebony,dan-piano-dien-yamaha-clp-845-polished-ebony.jpg
Đàn Piano điện Yamaha CLP-845 Polished Ebony,dan-piano-dien-yamaha-clp-845-polished-ebony_6930.jpg
Đàn Piano điện Yamaha CLP-775W,Dan-Piano-dien-Yamaha-CLP-775White.jpg
Đàn Piano điện Yamaha CLP-775Black,Dan-Piano-dien-Yamaha-CLP-775Black.jpg
Đàn Piano điện Yamaha CLP-775Rosewood,Dan-Piano-dien-Yamaha-CLP-775Rosewood.jpg
Đàn Piano điện Yamaha CLP-875 Black,dan-piano-dien-yamaha-clp-875-black.jpg
Đàn Piano điện Yamaha CLP-875 Black,dan-piano-dien-yamaha-clp-875-black_2586.jpg
Đàn Piano điện Yamaha CLP-875 White,dan-piano-dien-yamaha-clp-875-white.jpg
Đàn Piano điện Yamaha CLP-875 Rosewood,dan-piano-dien-yamaha-clp-875rosewood.jpg
Đàn Piano điện Yamaha CLP-875 Rosewood,dan-piano-dien-yamaha-clp-875rosewood_1221.jpg
Đàn Piano điện Yamaha CLP-775Polished Ebony,Dan-Piano-dien-Yamaha-CLP-775Polished-Ebony408.jpg
Đàn Piano điện Yamaha CLP-875 Polished Ebony,dan-piano-dien-yamaha-clp-875-polished-ebony_4790.jpg
Đàn Piano điện Yamaha CLP-875 Polished Ebony,dan-piano-dien-yamaha-clp-875-polished-ebony_1277.jpg
Đàn Piano điện Yamaha CLP-875 Polished Ebony,dan-piano-dien-yamaha-clp-875-polished-ebony_7548.jpg
Đàn Piano điện Yamaha CLP-875 Polished Ebony,dan-piano-dien-yamaha-clp-875-polished-ebony.jpg
Đàn Piano điện Yamaha CLP-785Black,Dan-Piano-dien-Yamaha-CLP-785Black.jpg
Đàn Piano điện Yamaha CLP-785Polished Ebony,Dan-Piano-dien-Yamaha-CLP-785Polished-Ebony.jpg
Đàn Piano điện Yamaha CLP-785Polished White,Dan-Piano-dien-Yamaha-CLP-785Polished-White.jpg
Đàn Piano điện Yamaha CLP-795GP,dan-piano-dien-yamaha-clp-795gppolished-ebony.jpg
Đàn Piano điện Yamaha CLP-795GP,dan-piano-dien-yamaha-clp-795gppolished-ebony_6469.jpg
Đàn Piano điện Yamaha CLP-795GP,dan-piano-dien-yamaha-clp-795gppolished-ebony_8138.jpg
Đàn Piano điện Yamaha CLP-795GP,dan-piano-dien-yamaha-clp-795gppolished-ebony_9336.jpg
Đàn Piano điện Yamaha CLP-795GP,dan-piano-dien-yamaha-clp-795gppolished-ebony_8276.jpg
Đàn Piano điện Yamaha CLP-795GP,dan-piano-dien-yamaha-clp-795gppolished-ebony_5920.jpg
Đàn Piano điện Yamaha CLP-795GP,dan-piano-dien-yamaha-clp-795gppolished-ebony_6892.jpg
Đàn Piano điện Yamaha CLP-795GP,dan-piano-dien-yamaha-clp-795gppolished-ebony_1536.jpg
Đàn Piano điện Yamaha CLP-795GP,dan-piano-dien-yamaha-clp-795gppolished-ebony_4232.jpg
Đàn Piano điện Yamaha CLP-795GP,dan-piano-dien-yamaha-clp-795gppolished-ebony.png
Đàn Piano Yamaha YDP 105B,dan-piano-yamaha-ydp-105b.jpg
Đàn Piano Yamaha YDP 105B,dan-piano-yamaha-ydp-105b_9920.jpg
Đàn Piano Yamaha YDP 105B,dan-piano-yamaha-ydp-105b_4091.jpg
Đàn Piano Yamaha YDP 105R,dan-piano-yamaha-ydp-105r.jpg
Đàn Piano Yamaha YDP 105R,dan-piano-yamaha-ydp-105r_1447.jpg
Đàn Piano Yamaha YDP 105R,dan-piano-yamaha-ydp-105r_9184.jpg
Đàn Piano Yamaha YDP 105R,dan-piano-yamaha-ydp-105r_3455.jpg
Đàn Piano Yamaha YDP 105R,dan-piano-yamaha-ydp-105r_7978.jpg
Đàn Piano Yamaha YDP 105R,dan-piano-yamaha-ydp-105r.png
Đàn Piano Yamaha YDP 105R,dan-piano-yamaha-ydp-105r_3016.png
Đàn Piano Yamaha YDP 105R,dan-piano-yamaha-ydp-105r_8285.png
Đàn Piano Yamaha YDP 105R,dan-piano-yamaha-ydp-105r_2830.png
Đàn Piano điện Yamaha YDP-145,dan-piano-dien-yamaha-ydp-145_8339.jpg
Đàn Piano điện Yamaha YDP-145,dan-piano-dien-yamaha-ydp-145_7053.jpg
Đàn Piano điện Yamaha YDP-145,dan-piano-dien-yamaha-ydp-145_3992.jpg
Đàn Piano điện Yamaha YDP-145,dan-piano-dien-yamaha-ydp-145_7505.jpg
Đàn Piano điện Yamaha YDP-145,dan-piano-dien-yamaha-ydp-145_9449.jpg
Đàn Piano điện Yamaha YDP-145,dan-piano-dien-yamaha-ydp-145_3963.jpg
Đàn Piano điện Yamaha YDP-145,dan-piano-dien-yamaha-ydp-145_2696.jpg
Đàn Piano điện Yamaha YDP-145,dan-piano-dien-yamaha-ydp-145_1411.jpg
Đàn Piano điện Yamaha YDP-145,dan-piano-dien-yamaha-ydp-145_5081.jpg
Đàn Piano điện Yamaha YDP-145,dan-piano-dien-yamaha-ydp-145_7525.jpg
Đàn Piano điện Yamaha YDP-145,dan-piano-dien-yamaha-ydp-145_5268.jpg
Đàn Piano điện Yamaha YDP-145,dan-piano-dien-yamaha-ydp-145_3011.jpg
Đàn Piano điện Yamaha YDP-145,dan-piano-dien-yamaha-ydp-145_3982.jpg
Đàn Piano điện Yamaha YDP-145,dan-piano-dien-yamaha-ydp-145_6711.jpg
Đàn Piano điện Yamaha YDP-165,dan-piano-dien-yamaha-ydp-165.jpg
Đàn Piano điện Yamaha YDP-165,dan-piano-dien-yamaha-ydp-165_3355.jpg
Đàn Piano điện Yamaha YDP-165,dan-piano-dien-yamaha-ydp-165_6389.jpg
Đàn Piano điện Yamaha YDP-165,dan-piano-dien-yamaha-ydp-165_2376.jpg
Đàn Piano điện Yamaha YDP-165,dan-piano-dien-yamaha-ydp-165_4603.jpg
Đàn Piano điện Yamaha YDP-165,dan-piano-dien-yamaha-ydp-165_7331.jpg
Đàn Piano điện Yamaha YDP-165,dan-piano-dien-yamaha-ydp-165_8303.jpg
Đàn Piano điện Yamaha YDP-165,dan-piano-dien-yamaha-ydp-165_2032.jpg
Đàn Piano điện Yamaha YDP-165,dan-piano-dien-yamaha-ydp-165_1481.jpg
Đàn Piano điện Yamaha YDP-165,dan-piano-dien-yamaha-ydp-165_6467.jpg
Đàn Piano điện Yamaha YDP-165,dan-piano-dien-yamaha-ydp-165_4838.jpg
Đàn Piano điện Yamaha YDP-165,dan-piano-dien-yamaha-ydp-165_3552.jpg
Đàn Piano điện Yamaha YDP-165,dan-piano-dien-yamaha-ydp-165_6781.jpg
Đàn Piano điện Yamaha YDP-165,dan-piano-dien-yamaha-ydp-165_4023.jpg
Đàn Piano điện Yamaha YDP-165,dan-piano-dien-yamaha-ydp-165_1766.jpg
Đàn Piano điện Yamaha YDP-165,dan-piano-dien-yamaha-ydp-165_2738.jpg
Đàn Piano điện Yamaha YDP-165,dan-piano-dien-yamaha-ydp-165_6438.jpg
Đàn Piano điện Yamaha YDP-165,dan-piano-dien-yamaha-ydp-165_2424.jpg
Đàn Piano điện Yamaha YDP-165,dan-piano-dien-yamaha-ydp-165_5152.jpg
Đàn Piano điện Yamaha YDP-165,dan-piano-dien-yamaha-ydp-165_8246.jpg
Đàn Piano điện Yamaha YDP-165,dan-piano-dien-yamaha-ydp-165_2036.jpg
Đàn Piano điện Yamaha YDP-165,dan-piano-dien-yamaha-ydp-165_4205.jpg
Đàn Piano điện Yamaha YDP-165,dan-piano-dien-yamaha-ydp-165_1948.jpg
Đàn Piano điện Yamaha YDP-165,dan-piano-dien-yamaha-ydp-165_9845.jpg
Đàn Piano điện Yamaha YDP-165,dan-piano-dien-yamaha-ydp-165_8589.jpg
Đàn Piano điện Yamaha YDP-165,dan-piano-dien-yamaha-ydp-165_1818.jpg
Đàn Piano điện Yamaha YDP-165,dan-piano-dien-yamaha-ydp-165_4546.jpg
Đàn Piano điện Yamaha YDP-165,dan-piano-dien-yamaha-ydp-165_5988.jpg
Đàn Piano điện Yamaha YDP-165,dan-piano-dien-yamaha-ydp-165_2291.jpg
Đàn Piano điện Yamaha YDP-165,dan-piano-dien-yamaha-ydp-165_7747.jpg
Đàn Piano điện Yamaha YDP-165,dan-piano-dien-yamaha-ydp-165_9278.jpg
Đàn Piano điện Yamaha YDP-165,dan-piano-dien-yamaha-ydp-165_7993.jpg
Đàn Piano điện Yamaha YDP-165,dan-piano-dien-yamaha-ydp-165_8434.jpg
Đàn Piano điện Yamaha YDP-165,dan-piano-dien-yamaha-ydp-165_4450.jpg
Đàn Piano điện Yamaha YDP-165,dan-piano-dien-yamaha-ydp-165_7178.jpg
Đàn Piano Yamaha YDP 103R,Dan-Piano-Yamaha-YDP-103R.jpg
Đàn Piano Yamaha YDP 103R,YDP-103R (1).jpg
Đàn Piano Yamaha YDP 103R,YDP-103 (8).jpg
Đàn Piano Yamaha YDP 103R,YDP-103 yamaha review.jpg
Đàn Piano Yamaha YDP 103R,YDP-103 (4).jpg
Đàn Piano Yamaha YDP 103R,YDP-103 (3).jpg
Đàn Piano Yamaha YDP 103R,YDP-103r danh gia.jpg
Đàn Piano Yamaha YDP 103R,YDP-103R review.jpg
Đàn Piano điện Yamaha Clavinova CSP-150WH,Dan-Piano-dien-Yamaha-Clavinova-CSP-150WH.jpg
Đàn Piano điện Yamaha Clavinova CSP-150B,Dan-Piano-dien-Yamaha-Clavinova-CSP-15.jpg
Đàn Piano điện Yamaha Clavinova CSP-150B,Dan Piano dien Yamaha Clavinova CSP-15PE-1.jpg
Đàn Piano điện Yamaha Clavinova CSP-150B,Dan Piano dien Yamaha Clavinova CSP-15B-1.jpg
Đàn Piano điện Yamaha Clavinova CSP-150B,Dan Piano dien Yamaha Clavinova CSP-15B-2.jpg
Đàn Piano điện Yamaha Clavinova CSP-150B,Dan Piano dien Yamaha Clavinova CSP-15WH-1.jpg
Đàn Piano điện Yamaha Clavinova CSP-150B,Dan Piano dien Yamaha Clavinova CSP-15WH-2.jpg
Đàn Piano điện Yamaha Clavinova CSP-150PE,Dan-Piano-dien-Yamaha-Clavinova-CSP-150PE.jpg
Đàn Piano điện Yamaha Clavinova CSP-170B,Dan-Piano-dien-Yamaha-Clavinova-CSP-170B.jpg
Đàn Piano điện Yamaha Clavinova CSP-170B,Yamaha Clavinova CSP-170B-2.jpg
Đàn Piano điện Yamaha Clavinova CSP-170WH,Dan-Piano-dien-Yamaha-Clavinova-CSP-170WH.jpg
Đàn Piano điện Yamaha Clavinova CSP-170WH,Yamaha Clavinova CSP-170W-2.jpg
Đàn Piano điện Yamaha Clavinova CSP-170PE,Dan-Piano-dien-Yamaha-Clavinova-CSP-170.jpg
Đàn Piano điện Yamaha Clavinova CSP-170PE,Dan Piano dien Yamaha Clavinova CSP-15PE-1_1.jpg
Đàn Piano điện Yamaha Clavinova CSP-170PE,dan-piano-dien-yamaha-clavinova-csp-170_1380.jpg
Đàn Piano điện Yamaha Clavinova CSP-170PE,dan-piano-dien-yamaha-clavinova-csp-170_2960.jpg
Đàn Piano điện Yamaha Clavinova CSP-170PE,dan-piano-dien-yamaha-clavinova-csp-170_1397.jpg
Pedal Yamaha LP 5A,Pedal-Yamaha-LP-5A.jpg
Chân đàn Piano L-85,Chan-dan-Piano-L-85B.jpeg
Chân đàn Piano L-85,chan dan L-85WH.jpg
Đàn Piano Yamaha P45 (Hàng trưng bày mới 99%),Dan-Piano-Yamaha-P45-855.jpg
Đàn Piano Yamaha P45 (Hàng trưng bày mới 99%),dan-piano-yamaha-p45-1_247.jpg
Đàn Piano Yamaha P45 (Hàng trưng bày mới 99%),Dan-Piano-Yamaha-P45-1.jpg
Đàn Piano Yamaha P45 (Hàng trưng bày mới 99%),dan-piano-yamaha-p45-chango.png
Đàn Piano Yamaha P45 (Hàng trưng bày mới 99%),dan-piano-yamaha-p45-chango_7215.png
Đàn Piano Yamaha P45 (Hàng trưng bày mới 99%),dan-piano-yamaha-p45-chango_9816.png
Đàn Piano Yamaha P45 (Hàng trưng bày mới 99%),dan-piano-yamaha-p45-chango_6116.png
Đàn Piano Yamaha P45 (Hàng trưng bày mới 99%),dan-piano-yamaha-p45-chango_7431.png
Đàn Piano Yamaha P45 (Hàng trưng bày mới 99%),dan-piano-yamaha-p45-chango_6960.png
Đàn Piano Yamaha P45 (Hàng trưng bày mới 99%),dan-piano-yamaha-p45-chango_5988.png
Đàn Piano Yamaha P45 (Hàng trưng bày mới 99%),dan-piano-yamaha-p45-chango_2288.png
Đàn Piano Yamaha P45 (Hàng trưng bày mới 99%),dan-piano-yamaha-p45-chango_6803.png
Đàn Piano điện Yamaha P143,dan-piano-dien-yamaha-p143_8148.jpg
Đàn Piano điện Yamaha P143,dan-piano-dien-yamaha-p143_1249.jpg
Đàn Piano điện Yamaha P143,dan-piano-dien-yamaha-p143_6990.jpg
Đàn Piano điện Yamaha P143,dan-piano-dien-yamaha-p143_1406.jpg
Đàn Piano điện Yamaha P143,dan-piano-dien-yamaha-p143_4978.jpg
Đàn Piano điện Yamaha P143,dan-piano-dien-yamaha-p143.jpg
Đàn Piano điện Yamaha P143,dan-piano-dien-yamaha-p143_1062.jpg
Đàn Piano điện Yamaha P143,dan-piano-dien-yamaha-p143_4291.jpg
Đàn Piano điện Yamaha P143,dan-piano-dien-yamaha-p143_6706.jpg
Đàn Piano điện Yamaha P143,dan-piano-dien-yamaha-p143_3245.jpg
Đàn Piano điện Yamaha P143,dan-piano-dien-yamaha-p143_4123.jpg
Đàn Piano điện Yamaha P143,dan-piano-dien-yamaha-p143_7636.jpg
Đàn Piano điện Yamaha P143,dan-piano-dien-yamaha-p143_4191.jpg
Đàn Piano điện Yamaha P143,dan-piano-dien-yamaha-p143_6851.jpg
Đàn Piano điện Yamaha P143,dan-piano-dien-yamaha-p143_5331.jpg
Đàn Piano điện Yamaha P225Wh,dan-piano-dien-yamaha-p225wh_1513.jpg
Đàn Piano điện Yamaha P225Wh,dan-piano-dien-yamaha-p225wh_8471.jpg
Đàn Piano điện Yamaha P225Wh,dan-piano-dien-yamaha-p225wh.jpg
Đàn Piano điện Yamaha P225Wh,dan-piano-dien-yamaha-p225wh_2671.jpg
Đàn Piano điện Yamaha P225Wh,dan-piano-dien-yamaha-p225wh_8441.jpg
Đàn Piano điện Yamaha P225Wh,dan-piano-dien-yamaha-p225wh_7627.jpg
Đàn Piano điện Yamaha P225Wh,dan-piano-dien-yamaha-p225wh_4585.jpg
Đàn Piano điện Yamaha P225Wh,dan-piano-dien-yamaha-p225wh_6028.jpg
Đàn Piano điện Yamaha P225Wh,dan-piano-dien-yamaha-p225wh_9227.jpg
Đàn Piano điện Yamaha P225Wh,dan-piano-dien-yamaha-p225wh_4399.jpg
Đàn Piano điện Yamaha P225Wh,dan-piano-dien-yamaha-p225wh_5370.jpg
Đàn Piano điện Yamaha P225Wh,dan-piano-dien-yamaha-p225wh_1565.jpg
Đàn Piano điện Yamaha P225Wh,dan-piano-dien-yamaha-p225wh_9560.jpg
Đàn Piano điện Yamaha P225B,dan-piano-dien-yamaha-p225b_2660.jpg
Đàn Piano điện Yamaha P225B,dan-piano-dien-yamaha-p225b.jpg
Đàn Piano điện Yamaha P225B,dan-piano-dien-yamaha-p225b_7390.jpg
Đàn Piano điện Yamaha P225B,dan-piano-dien-yamaha-p225b_3377.jpg
Đàn Piano điện Yamaha P225B,dan-piano-dien-yamaha-p225b_1591.jpg
Đàn Piano điện Yamaha P225B,dan-piano-dien-yamaha-p225b_1404.jpg
Đàn Piano điện Yamaha P225B,dan-piano-dien-yamaha-p225b_9745.jpg
Đàn Piano điện Yamaha P225B,dan-piano-dien-yamaha-p225b_9618.jpg
Đàn Piano điện Yamaha P225B,dan-piano-dien-yamaha-p225b_5291.jpg
Đàn Piano điện Yamaha P225B,dan-piano-dien-yamaha-p225b_2346.jpg
Đàn Piano điện Yamaha P225B,dan-piano-dien-yamaha-p225b_2033.jpg
Đàn Piano điện Yamaha P225B,dan-piano-dien-yamaha-p225b_6490.jpg
Đàn Piano điện Yamaha P-S500,dan-piano-dien-yamaha-p-s500-Trắng.jpg
Đàn Piano điện Yamaha P-S500,dan-piano-dien-yamaha-p-s500-Trắng_2266.jpg
Đàn Piano điện Yamaha P-S500,dan-piano-dien-yamaha-p-s500-Trắng_5495.jpg
Đàn Piano điện Yamaha P-S500,dan-piano-dien-yamaha-p-s500-Trắng_5652.jpg
Đàn Piano điện Yamaha P-S500,dan-piano-dien-yamaha-p-s500-Trắng_6624.jpg
Đàn Piano điện Yamaha P-S500,dan-piano-dien-yamaha-p-s500-Trắng_4381.jpg
Đàn Piano điện Yamaha P-S500,dan-piano-dien-yamaha-p-s500-Trắng_9366.jpg
Đàn Piano điện Yamaha P-S500,dan-piano-dien-yamaha-p-s500-đen_2331.jpg
Đàn Piano điện Yamaha P-S500,dan-piano-dien-yamaha-p-s500-đen_5030.jpg
Đàn Piano điện Yamaha P-S500,dan-piano-dien-yamaha-p-s500-đen_8759.jpg
Đàn Piano điện Yamaha P-S500,dan-piano-dien-yamaha-p-s500-đen.jpg
Đàn Piano điện Yamaha P-S500,dan-piano-dien-yamaha-p-s500-đen_8730.jpg
Đàn Piano điện Yamaha P515,dan-piano-dien-yamaha-p515_1750.jpg
Đàn Piano điện Yamaha P515,dan-piano-dien-yamaha-p515_6863.jpg
Đàn Piano điện Yamaha P515,dan-piano-dien-yamaha-p515.jpg
Đàn Piano điện Yamaha P515,dan-piano-dien-yamaha-p515_4821.jpg
Đàn Piano điện Yamaha P515,dan-piano-dien-yamaha-p515_2437.jpg
Đàn Piano điện Yamaha P515,dan-piano-dien-yamaha-p515_2279.jpg
Đàn Piano điện Yamaha P515,dan-piano-dien-yamaha-p515_1215.jpg
Đàn Piano điện Yamaha P515,dan-piano-dien-yamaha-p515_2502.jpg
Đàn Piano điện Yamaha P515,dan-piano-dien-yamaha-p515_3944.jpg
Đàn Piano điện Yamaha P515,dan-piano-dien-yamaha-p515_5760.jpg
Đàn Piano điện Yamaha P515,dan-piano-dien-yamaha-p515_5916.jpg
Đàn Piano điện Yamaha P515,dan-piano-dien-yamaha-p515_3757.jpg
Đàn Piano điện Yamaha P515,dan-piano-dien-yamaha-p515_9756.png
Đàn Piano điện Yamaha P515,dan-piano-dien-yamaha-p515_3014.png
Đàn Piano điện Yamaha P515,dan-piano-dien-yamaha-p515_7941.jpg
Đàn Piano điện Yamaha P515,dan-piano-dien-yamaha-p515_1513.jpg
Đàn Piano điện Yamaha P515,dan-piano-dien-yamaha-p515.png
Đàn Piano điện Yamaha P515,dan-piano-dien-yamaha-p515_5713.png
